Term,Tone
addressing the issue,Negative
again and again,Negative
apologize,Negative
appears,Negative
back and forth,Negative
backlog,Negative
bandwidth,Negative
breach,Negative
challenge,Negative
could conduct,Negative
could have gotten,Negative
create excessive,Negative
devote a bit more time,Negative
devote more time,Negative
did not know what they were doing,Negative
didn't,Negative
didn't update,Negative
difficulty,Negative
disconnect,Negative
docked,Negative
doesn't,Negative
drives up,Negative
ended up,Negative
endure,Negative
Enterprise,Negative
exceed the SLA,Negative
exceeded SLA,Negative
exceeding the SLA,Negative
excessively,Negative
expected time,Negative
flawed,Negative
forgotten,Negative
glitchy,Negative
gone down,Negative
hard time,Negative
hardship,Negative
haven't been able to,Negative
having more,Negative
impacted,Negative
implications,Negative
inconvenienced,Negative
inconvenient,Negative
inexperience,Negative
inferior,Negative
issues,Negative
keep you on hold,Negative
left straddling,Negative
little vague,Negative
many days,Negative
meaningless,Negative
more helptful than others,Negative
more palatable,Negative
need to get better,Negative
needs some work,Negative
needs work,Negative
negatively,Negative
never call,Negative
never know,Negative
never to call,Negative
no clear plan,Negative
no more,Negative
no reasonable explanation,Negative
not consistently,Negative
not getting,Negative
not possible,Negative
not received,Negative
not yet,Negative
odd,Negative
on hold,Negative
out of date,Negative
problematic,Negative
problems,Negative
putting off projects,Negative
really need,Negative
rushing,Negative
should not raise,Negative
should strive,Negative
slip through the cracks,Negative
slow,Negative
sorry about,Negative
suspect,Negative
suspects,Negative
take too long,Negative
taken months,Negative
takes many days,Negative
takes more time,Negative
takes too long,Negative
too busy,Negative
too many days,Negative
too much,Negative
unaware,Negative
unhelpful,Negative
unnecessarily,Negative
unresolved,Negative
upheaval,Negative
vague,Negative
wasn't efficient,Negative
well-intentioned,Negative
what was going on,Negative
would have been nice,Negative
would like to know,Negative
would not quite say,Negative
would not say,Negative
a good example ,Neutral
answer can be found,Neutral
appropriately,Neutral
as stated previously,Neutral
can be a winning experience,Neutral
can be addressed,Neutral
conduct themselves,Neutral
consistency,Neutral
could help me,Neutral
customized,Neutral
duration times,Neutral
feedback,Neutral
forecasting,Neutral
get up to speed,Neutral
getting up to speed,Neutral
historical knowledge,Neutral
improve everyone's productivity,Neutral
improve productivity,Neutral
in-depth understanding,Neutral
key problems,Neutral
like to understand,Neutral
might be helpful,Neutral
most important metrics,Neutral
newer,Neutral
not always,Neutral
not urgent,Neutral
number of occasions,Neutral
out of the box,Neutral
previouosly,Neutral
projected time,Neutral
refining the system,Neutral
research,Neutral
resolve,Neutral
should be paid,Neutral
should see,Neutral
simply,Neutral
special requests,Neutral
still important,Neutral
support innovation,Neutral
uncovered,Neutral
what have you seen,Neutral
would benefit by,Neutral
above and beyond,Positive
accurate descriptions,Positive
always patient,Positive
always ready,Positive
appreciate,Positive
appreciated,Positive
awesome,Positive
capable,Positive
cheerfully,Positive
competent,Positive
confident,Positive
confirmation,Positive
congrats,Positive
congratulations,Positive
couldn't do my job without,Positive
courteous,Positive
courteousness,Positive
courtiousness,Positive
devoted,Positive
discipline,Positive
disciplined recordkeeping,Positive
easy,Positive
easy to follow,Positive
effective,Positive
empathetic,Positive
excellent,Positive
excellent attitude,Positive
exceptional,Positive
extra mile,Positive
fantastic,Positive
faster in responding,Positive
favorite people,Positive
follow-through,Positive
friendly,Positive
fun to work with,Positive
generous,Positive
goes out of their way,Positive
gracious,Positive
graciously,Positive
great,Positive
greater granularity,Positive
hard work,Positive
help,Positive
highlight,Positive
improve duration times,Positive
joy to work with,Positive
joyful,Positive
kind,Positive
knowledgeable,Positive
love,Positive
love working with,Positive
loving,Positive
many thanks,Positive
many thanks,Positive
opportunities,Positive
outstanding,Positive
patient,Positive
perseverance,Positive
pleasant,Positive
pleasure,Positive
priorities,Positive
professional,Positive
prompt,Positive
quick to respond,Positive
quicker,Positive
responsive,Positive
satisfied,Positive
shining star,Positive
significant jump,Positive
skilled,Positive
solution-oriented,Positive
speed,Positive
straightforward,Positive
super,Positive
super competent,Positive
supporting the Cause,Positive
thank you,Positive
thanks,Positive
they find out,Positive
thorough,Positive
timely,Positive
upbeat,Positive
very good,Positive
very helpful,Positive
warm,Positive
willing,Positive
,
